/* Replace with your SQL commands */

ALTER TABLE category
ADD logo varchar(100) NOT NULL;

ALTER TABLE charity 
RENAME COLUMN `adress` TO `address`;

ALTER TABLE `event`
ADD `image` varchar(500) NULL;

ALTER TABLE `event`
ADD `date` varchar(500) NULL;


ALTER TABLE event 
RENAME COLUMN `adress` TO `address`;

INSERT INTO `doogood`.`charity` (`id`, `name`, `address`, `email`, `telephone`, `image`, `description`, `website`) VALUES ('1', 'Les restos du coeur', '27 chemin du Séminaire \n31200 - Toulouse', 'ad31.accueil@restosducoeur.org', '0534401212', 'https://www.restosducoeur.org/wp-content/uploads/2016/04/logo.svg', 'Aujourd’hui, les carences alimentaires les plus graves ont presque disparu, mais les visages de la précarité se diversifient : l’an dernier, 39% des personnes aidées par Les Restos du Cœur étaient des mineurs, et 1 personne sur 2 avaient moins de 25 ans. L’association a aussi aidé l’an dernier 30 000 bébés de moins de 12 mois dans 70 Restos bébé du Cœur.\n\nC’est pour répondre à la diversité des besoins et des différents publics accueillis que les Restos redoublent d’efforts pour poursuivre leurs actions d’aide à la personne tout au long de l’année. L’aide alimentaire permet une aide d’urgence mais représente surtout le point de contact privilégié pour permettre un accompagnement vers l’autonomie. La relation de confiance tissée pendant l’accueil et l’engagement des bénévoles pour leur venir en aide permet de proposer les pistes d’une réinsertion sociale : ateliers et jardins d’insertion, lits hébergement d’urgence, camions et points repas chauds, Restos Bébés du Cœur, départs en vacances, ateliers d’accompagnement scolaire et de lutte contre l’illettrisme, initiation à l’informatique, conseils budgétaires, accès à la justice et aux droits, soutien à la recherche d’emploi (SRE) et microcrédit personnel…', 'https://www.restosducoeur.org/associations-departementales/les-restos-du-coeur-de-haute-garonne/');
INSERT INTO `doogood`.`charity` (`id`, `name`, `address`, `email`, `telephone`, `image`, `description`, `website`) VALUES ('2', 'Artisans du monde', '1 Rue Joutx Aigues, 31000 Toulouse', 'toulouse@artisansdumonde.org', ' 0561524510', 'https://www.artisansdumonde.org/images/benevolat/Tournee-Anapqui-nov2019_crph_AdM-Toulouse.jpg', 'Artisans du Monde, c’est avant tout un mouvement associatif et citoyen qui défend, depuis 1974, un modèle alternatif de commerce. Ce mouvement repose en grande partie sur l’engagement de plus de 6000 personnes de tous âges. Leur engagement est essentiel pour faire vivre les magasins et mener des actions de sensibilisation et de mobilisation citoyenne.\n\nLes magasins Artisans du Monde sont des lieux ouverts à tous, où le public peut acheter des produits issus du commerce équitable, mais également s’informer, s’éduquer et s’engager en faveur d’un commerce mondial humainement et économiquement plus équilibré.\n\nLa force d’Artisans du Monde se fonde en effet sur ses trois piliers d’action qui sont :\n\nla vente de produits artisanaux et alimentaires en filière intégralement équitable, de la production à la distribution (conformément au cahier des charges de la World Fair Trade Organization);\nl’éducation au commerce équitable : les équipes éducatives des associations locales mènent des animations pédagogiques et construisent des outils pour donner aux citoyens des clés de compréhension sur le commerce mondial\nles campagnes de mobilisation citoyenne et d’interpellation des décideurs politiques et économiques pour plus de justice dans le commerce mondial.\nArtisans du Monde, à travers son expérience, ses valeurs et l’exigence de son modèle commercial s’inscrit pleinement dans un modèle d’économie sociale et solidaire.', 'https://www.artisansdumonde.org/les-associations-locales/artisans-du-monde-toulouse');
INSERT INTO `doogood`.`charity` (`id`, `name`, `address`, `email`, `telephone`, `image`, `description`, `website`) VALUES ('3', 'Association vivre mieux', '75 Rue Matabiau,\n31000 Toulouse', 'vivre.mieux@wanadoo.fr', '0534414780', 'https://image.jimcdn.com/app/cms/image/transf/none/path/sdcc973d1f4cba409/image/ie2429807be477f9c/version/1465311906/image.png', 'L’association VIVRE MIEUX, créée en 1989, a pour objectif de faciliter l’accès au logement, et l’insertion dans la société  , pour les habitants du  Grand Toulouse.\n \nEn 2007, ces missions se sont élargies à un public plus varié sur un territoire plus vaste. Dans sa philosophie, VIVRE MIEUX a toujours pour mission d’accompagner un public ayant des difficultés de logement et d’adaptation dans la société. Restez chez vous, prenez soin de vous et de vos proches.\nMandatée par Toulouse Métropole et par le Conseil Départemental, actuellement, VIVRE MIEUX accompagne des ménages, dans le cadre :\n- De mesures d’accès au logement ;\n- De mesures de maintien dans le logement ;\n- D’hébergement en sous location par l’association dans le cadre du parc privé (ILS) ;\n- De logement temporaire d’urgence (ASLT).\n \nL’équipe de VIVRE MIEUX est composée de 6 professionnels sur un même lieu. De ce fait, elle ventile et traite rapidement les informations. Cette réactivité est un atout important dans le cadre de la gestion des accompagnements.\n \nVIVRE MIEUX, existant depuis plus de 25 ans, a construit un large réseau relationnel permettant de répondre aux demandes et besoins très rapidement. Elle est de ce fait connue et reconnue sur son secteur d’activités.\n \nL’Association VIVRE MIEUX reste responsable vis à vis de Toulouse Métropole et du Conseil Départemental des mesures reçues, et répond de la qualité du service rendu\nL’association s’appuie sur ces atouts :\n\n• ses plus de 25 années d’expériences ;\n• ses infrastructures et ses moyens matériels ;\n• ses ressources humaines et sa nouvelle organisation ;\n• les complémentarités avec ses activités diverses liées à l’aide aux personnes en difficulté ;\n• les nombreuses visites à domicile et les accompagnements dans les démarches (soucis de mobilité du public accompagné) ;\n• sa gestion rigoureuse, son éthique, sa confidentialité dans le traitement des dossiers.\nVIVRE MIEUX est reconnue d\'intérêt général.\n', 'https://www.vivremieux-toulouse.fr');
INSERT INTO `doogood`.`charity` (`id`, `name`, `address`, `email`, `telephone`, `image`, `description`, `website`) VALUES ('4', 'IED', '10, rue Jean Rancy - 31000 Toulouse', 'iedtoulouse@orange.fr', '0561268316', 'https://images.unsplash.com/photo-1516585427167-9f4af9627e6c?ixid=MXwxMjA3fDB8MHxwaG90by1wYWdlfHx8fGVufDB8fHw%3D&ixlib=rb-1.2.1&auto=format&fit=crop&w=1400&q=80', 'Innocence En Danger (IED) est un Mouvement Mondial de Protection des Enfants contre toute forme d’abus sexuel.\n\nIED fut créée en Janvier 1999 à l’issue de la réunion d’experts tenue à l’UNESCO, sur le thème de « La pornographie impliquant des enfants et la pédophilie sur l’Internet, un défi mondial ».\n\n(IED) est une association Loi 1901 à but non lucratif, à vocation internationale, déclarée à la préfecture de Paris.\nElle est présente dans 6 pays et également partenaire d’associations, partageant les mêmes objectifs, réparties dans 27 pays du monde. Vous pouvez trouver les coordonnées des autres associations IED en suivant ce lien .\n\nIED regroupe des militants, spécialistes d’Internet, juristes, décideurs du monde politique, économique, médiatique, afin de sensibiliser l’opinion internationale au fléau croissant que constitue la pédo-criminalité.\nElle constitue une force d’actions, de sensibilisation, de propositions, d’éducation et d’informations auprès des organisations gouvernementales ou non, des instances européennes et internationales, des entreprises et de la population (écoles, collectivités locales, groupes de jeunes).\nElle tient le rôle de relais d’information entre le public et les institutions publiques.', 'http://www.ied-toulouse.org');
INSERT INTO `doogood`.`charity` (`id`, `name`, `address`, `email`, `telephone`, `image`, `description`, `website`) VALUES ('5', 'Arc en ciel', '38 rue d’Aubuisson\n31000 Toulouse', 'contact@aectoulouse.com', '0783960300', 'https://www.aectoulouse.fr/wp-content/uploads/2012/03/IMG_6716-1024x444.jpg', 'ARC EN CIEL Toulouse/Occitanie est une association loi 1901 à la tête d\'un collectif d\'une dizaine d\'associations Lesbiennes, Gay, Bi, Trans, Queer et Intersexes (LGBTQI) de la région Occitanie et qui se sont données pour but de lutter contre les discriminations liées à l’orientation sexuelle et à l’identité de genre.\nARC EN CIEL Toulouse/Occitanie est également rejoint par 80 personnes bénévoles qui ont choisi d’adhérer pour s’investir et participer à l’objet de l’association.\nAujourd’hui, l’association ARC EN CIEL Toulouse/Occitanie développe ses actions sur Toulouse et la région Occitanie. Les différents objectifs poursuivis par l’association sont avant tout l’accueil, l’écoute, le soutien, la visibilité, l’information, l’éducation, la prévention et l’orientation des personnes vers des organismes compétents.', 'https://www.aectoulouse.fr');
INSERT INTO `doogood`.`charity` (`id`, `name`, `address`, `email`, `telephone`, `image`, `description`, `website`) VALUES ('6', 'Soleil pour tous', '55 avenue Louis Bréguet Bâtiment Ariane\n31400 - Toulouse', 'soleilpourtous2@gmail.com', '0679805177', 'https://www.soleilpourtous.org/logo.jpg', 'L\'association \"Soleil Pour Tous\" a été créée le 26 novembre 2004.          \n\n\"Soleil Pour Tous \" a  pour objectif de proposer un accès aux loisirs ludo-éducatifs et à la culture aux enfants à partir de 3 ans, aux adolescents et adultes présentant un handicap physique, mental ou sensoriel.\n\nNous proposons donc un accompagnement, en mode prestataire :\n\npersonnalisé\ndans les gestes de la vie quotidienne\net surtout dans la vie sociale\nexclusivement pour les personnes handicapées\nréalisé par une équipe de professionnel(le)s expérimentée, motivée et formée au handicap. Les intervenants sont tous salariés et qualifiés dans le domaine du handicap, de l\'aide à domicile et du loisir pour personnes handicapées.\nau domicile familial\nà partir du domicile familial\nNos interventions sont basées sur le principe d\'intégration en milieu ordinaire afin de rompre l\'isolement et recréer le lien social par le biais des activités de loisirs. \nL\'objectif est de permettre l\'épanouissement de la personne à travers des activités de loisirs, lui permettre de s\'exprimer, de développer ses potentialités, l\'apprentissage des savoirs de base, son autonomie, de vivre en extérieur, d\'être reconnue comme une personne à part entière et ainsi lui donner sa place dans la société.\nNous proposons  également un soutien aux familles, par une écoute et un accompagnement approprié. Nous pouvons être un \"relais\" entre l\'entourage de la personne handicapée et les structures de loisirs existantes.', 'www.soleilpourtous.org');
INSERT INTO `doogood`.`charity` (`id`, `name`, `address`, `email`, `telephone`, `image`, `description`, `website`) VALUES ('7', 'Main tendue 31', '12, rue de Fenouillet\n31 200 Toulouse', 'contact@maintendue31.org', '0666279674', 'http://www.maintendue31.org/edit/album1/DSC-159.jpg', 'L’association Main Tendue 31, constituée le 10 juin 2003 sous le statut de la loi de 1901, est née de la volonté d’un groupe d’individus d’aller au-devant des personnes subissant une situation d’exclusion. L’association s’est donnée pour objet d’apporter une aide morale, matérielle et éducative aux personnes se trouvant en situation de précarité et/ou d’exclusion sociale, en :\n\nLeur venant en aide pour leurs besoins indispensables\nLeur fournissant des repas gratuits\nContribuant à favoriser leur logement, leur insertion, leur promotion sociale\nLes accompagnant dans leurs démarches administratives\nLeur consacrant du temps d’écoute\nEn portant assistance dans les domaines précités, Main Tendue 31 reconnait comme ses valeurs fondatrices, les principes moraux et éthiques de l’Évangile et de la Déclaration Universelle des Droits de l’Homme de 1948. Main Tendue 31 apporte son aide à toute personne dans le besoin, sans distinction d’origine raciale, religieuse, politiques ou de sexe. Main Tendue 31 accepte en son sein comme adhérent ou bénévole, toute personne se reconnaissant librement dans ses valeurs fondatrices.\n\nL\'association Main Tendue 31 est membre de la Fédération de l\'Entraide Protestante et du CNEF Solidarité', 'http://www.maintendue31.org');

INSERT INTO `doogood`.`event` (`id`, `name`, `description`, `address`, `duration`, `charity_id`, `image`, `date`) VALUES ('1', 'Distribution de paniers repas', 'Distribution de paniers repas toute la journée. Rendez-vous devant l\'Intermarché de Jean Jaures d\'où nous commencerons notre ronde.', 'Intermarché,  4 Boulevard de Strasbourg, 31000 Toulouse', 'Toute la journée', '1', 'https://www.restosducoeur.org/wp-content/uploads/2016/04/DSC_9036-1024x684.jpg', '18/02/2021');
INSERT INTO `doogood`.`event` (`id`, `name`, `description`, `address`, `duration`, `charity_id`, `image`, `date`) VALUES ('2', 'Resto\'Rue', 'Un service de repas distribués sur la ville de Toulouse dans le secteur de la gare Matabiau à destination des plus démunis. \nCe public, parfois très précarisé est très varié: SDF, jeunes en rupture familiale, demandeurs d’emploi, chômeurs en fin de droits, retraités avec de faibles ressources, travailleurs pauvres, demandeurs d’asile…. souvent en situation de grande pauvreté, évoluant dans de mauvaises conditions de vie (pas de logement ou logements vétustes voire insalubres, sous et malnutrition, non accès à l’hygiène, mauvais climat affectif, insécurité, dégradation de l’image de soi…) tous ces points influent souvent sur leur état de santé physique ou psychologique.\n\nCes personnes sont souvent exclues de toute forme d’aides autres que caritative. \n\n\nChaque dimanche soir, pendant toute l’année, des repas gratuits sont servis à toute personne en demande. L’accueil est inconditionnel, il n’y a pas d’autre critère que le besoin Ce sont des repas complets et chauds : soupe, crudité, plat principal, laitage, fruit, café, ou chocolat chaud. \nLe choix du dimanche a fait l’objet d\'une étude afin de répondre au mieux aux besoins de ce public et de ne pas doubler une action déjà mise en place. \n\nMais au-delà de l’aspect matériel, le but de l’association est de retisser du lien social, voire de le créer. L’accueil inconditionnel, un regard bienveillant et le dialogue qui accompagnent la distribution permettent aux personnes servies de retrouver l’estime d’elles-mêmes. \nPour aider les bénévoles dans ces temps de partage, une formation à l\'écoute active leur est assurée.', 'secteur de la gare Matabiau', 'Dimanche soir', '7', 'http://www.maintendue31.org/edit/album1/DSC-153.jpg', 'Tous les dimanches');
INSERT INTO `doogood`.`event` (`id`, `name`, `description`, `address`, `duration`, `charity_id`, `image`, `date`) VALUES ('3', 'Nouvelles technologies', 'Aterlier de formation aux nouvelles technologies afin de faciliter l\'accès aux services.', '75 Rue Matabiau,\n31000 Toulouse', 'De 14h à 17h', '3', 'https://images.unsplash.com/photo-1496181133206-80ce9b88a853?ixid=MXwxMjA3fDB8MHxwaG90by1wYWdlfHx8fGVufDB8fHw%3D&ixlib=rb-1.2.1&auto=format&fit=crop&w=1951&q=80', '27/02/2021');
INSERT INTO `doogood`.`event` (`id`, `name`, `description`, `address`, `duration`, `charity_id`, `image`, `date`) VALUES ('4', 'Éducation commerce équitable', 'Animer un atelier d\'éducation au commerce équitable pour les enfants.', '1 Rue Joutx Aigues, 31000 Toulouse', 'De 14h à 16h', '2', 'https://www.artisansdumonde.org/images/benevolat/P1030749-2_WECSI2020_ArtisansduMonde.jpg', '03/03/2021');

INSERT INTO `doogood`.`category` (`id`, `name`, `logo`) VALUES ('1', 'Personnes âgées', 'grandma');
INSERT INTO `doogood`.`category` (`id`, `name`, `logo`) VALUES ('2', 'Handicap', 'handicaped');
INSERT INTO `doogood`.`category` (`id`, `name`, `logo`) VALUES ('3', 'Education', 'education');
INSERT INTO `doogood`.`category` (`id`, `name`, `logo`) VALUES ('4', 'Sans abris', 'homeless');
INSERT INTO `doogood`.`category` (`id`, `name`, `logo`) VALUES ('5', 'Enfants', 'children');
INSERT INTO `doogood`.`category` (`id`, `name`, `logo`) VALUES ('6', 'Commerce équitable', 'commerce');
INSERT INTO `doogood`.`category` (`id`, `name`, `logo`) VALUES ('7', 'Minorités', 'minorities');

INSERT INTO `doogood`.`charity_has_category` (`charity_id`, `category_id`) VALUES ('1', '1');
INSERT INTO `doogood`.`charity_has_category` (`charity_id`, `category_id`) VALUES ('1', '4');
INSERT INTO `doogood`.`charity_has_category` (`charity_id`, `category_id`) VALUES ('2', '6');
INSERT INTO `doogood`.`charity_has_category` (`charity_id`, `category_id`) VALUES ('3', '1');
INSERT INTO `doogood`.`charity_has_category` (`charity_id`, `category_id`) VALUES ('4', '5');
INSERT INTO `doogood`.`charity_has_category` (`charity_id`, `category_id`) VALUES ('5', '7');
INSERT INTO `doogood`.`charity_has_category` (`charity_id`, `category_id`) VALUES ('6', '2');
INSERT INTO `doogood`.`charity_has_category` (`charity_id`, `category_id`) VALUES ('7', '4');
INSERT INTO `doogood`.`charity_has_category` (`charity_id`, `category_id`) VALUES ('6', '5');

